$ID,$ID_NAME,Description,Icon,IconTooltip,Link_Collections,Link_Cubes,Link_Maps,Link_Maps_Exploration,Link_Monster,Link_Monsters,Link_RecipeMaterial,Link_RecipeTarget,MonsterElement,MonsterRace,Name,Price,Stat_Height,Stat_Legs,Stat_Weight,TimeCoolDown,TimeLifeTime,Tradability,Type,TypeCard,Weight
644001,card_Gaigalas,[Card Equip Effect] Add. Earth Property Damage +[{img star_mark 20 20}*10],icon_item_card_util,027_boss_gaigalas,None,None,None,None,41220,"[{""Chance"": 10.0, ""Monster"": 58183, ""Quantity_MAX"": 0, ""Quantity_MIN"": 0}]",None,None,1,0,Gaigalas Card,500,205,4,201,0.0,0.0,TTTT,4,5,1.0
644002,card_GazingGolem,[Card Equip Effect] [{img star_mark 20 20}]% chance of using Pain Barrier upon being hit (Duration: 15 seconds),icon_item_card_util,108_boss_gazinggolem,None,None,None,None,47322,None,None,None,0,4,Gazing Golem Card,500,324,2,4860,0.0,0.0,TTTT,4,5,1.0
644003,card_Gorgon,[Card Equip Effect] Strike Defense +[{img star_mark 20 20}*10],icon_item_card_def,064_boss_gorgon,None,None,None,None,800042,"[{""Chance"": 10.0, ""Monster"": 57131, ""Quantity_MAX"": 0, ""Quantity_MIN"": 0}]",None,None,0,1,Gorgon Card,500,190,4,1360,0.0,0.0,TTTT,4,1,1.0
644004,card_Golem,[Card Equip Effect] Physical Defense +[{img star_mark 20 20}]% for 10 seconds when using any type of HP potion,icon_item_card_def,003_boss_golem,None,None,None,None,450221,None,None,None,1,4,Golem Card,500,215,2,6192,0.0,0.0,TTTT,4,1,1.0
644005,card_Grinender,[Card Equip Effect] Increases damage against Flying-type monsters by [{img star_mark 20 20}]%,icon_item_card_atk,056_boss_grinender,None,None,None,None,41374,None,None,None,2,4,Grinender Card,500,305,1,214,0.0,0.0,TTTT,4,0,1.0
644006,card_Glass_mole,[Card Equip Effect] Physical Damage +[{img star_mark 20 20}]% for 6 seconds after using any type of SP potion,icon_item_card_atk,012_boss_glass_mole,None,None,None,None,41367,None,None,None,4,0,Glass Mole Card,500,192,4,860,0.0,0.0,TTTT,4,0,1.0
644007,card_ginklas,[Card Equip Effect] Increases damage against Plate-wearing enemies by [{img star_mark 20 20}/2]%,icon_item_card_atk,091_boss_ginklas,[642013],None,None,None,41208,None,[18018],None,2,4,Ginklas Card,500,320,2,1053,0.0,0.0,TTTT,4,0,1.0
644008,card_NetherBovine,[Card Equip Effect] STR +[{img star_mark 20 20}],icon_item_card_stat,026_boss_netherbovine,None,None,None,None,800001,"[{""Chance"": 10.0, ""Monster"": 47362, ""Quantity_MAX"": 0, ""Quantity_MIN"": 0}]",None,None,0,1,Netherbovine Card,500,195,4,966,0.0,0.0,TTTT,4,4,1.0
644009,card_necrovanter,[Card Equip Effect] Add. Dark Property Damage +[{img star_mark 20 20}*10],icon_item_card_util,044_boss_necrovanter,[642011],"[642907, 642919, 642941]",None,None,800002,"[{""Chance"": 10.0, ""Monster"": 57132, ""Quantity_MAX"": 0, ""Quantity_MIN"": 0}]",None,None,0,1,Necroventer Card,500,416,1,144,0.0,0.0,TTTT,4,5,1.0
644010,card_deadbone,[Card Equip Effect] Physical Critical Attack +[{img star_mark 20 20}*20],icon_item_card_atk,014_boss_deadbone,None,None,None,None,41203,None,None,None,0,4,Deadborn Card,500,333,2,207,0.0,0.0,TTTT,4,0,1.0
644011,card_Devilglove,[Card Equip Effect] Increases damage against Mutant-type property monsters by [{img star_mark 20 20}]%,icon_item_card_atk,072_boss_devilglove,None,None,None,None,41385,"[{""Chance"": 10.0, ""Monster"": 57133, ""Quantity_MAX"": 0, ""Quantity_MIN"": 0}]",None,None,0,4,Cursed Devilglove Card,500,127,5,98,0.0,0.0,TTTT,4,0,1.0
644012,card_Denoptic,[Card Equip Effect] Magic Defense +[{img star_mark 20 20}*10],icon_item_card_def,024_boss_denoptic,None,None,None,None,41368,None,None,None,7,4,Denoptic Card,500,388,6,205,0.0,0.0,TTTT,4,1,1.0
644014,card_Ravinepede,[Card Equip Effect] Stamina Potion Effects +[{img star_mark 20 20}]%,icon_item_card_util,025_boss_ravinepede,None,None,None,None,41236,None,None,None,7,5,Ravinepede Card,500,210,1,164,0.0,0.0,TTTT,4,5,1.0
644015,card_Rajatoad,[Card Equip Effect] Physical Attack +[{img star_mark 20 20}*7] when equipping Pierce weapons,icon_item_card_atk,097_boss_rajatoad,[642013],None,None,None,41226,None,None,None,4,0,Rajatoad Card,500,151,4,275,0.0,0.0,TTTT,4,0,1.0
644016,card_Rocktortuga,[Card Equip Effect] [{img star_mark 20 20}]% chance of recovering 5% SP after defeating Earth property monsters,icon_item_card_util,046_boss_rocktortuga,None,None,None,None,41233,None,None,None,1,4,Rocktortuga Card,500,400,2,2472,0.0,0.0,TTTT,4,5,1.0
644017,card_lecifer,[Card Equip Effect] Magic Critical Attack +[{img star_mark 20 20}*10],icon_item_card_atk,030_boss_lecifer,None,None,None,None,800043,None,None,None,0,1,Rexipher Card,500,213,2,123,0.0,0.0,TTTT,4,0,1.0
644018,card_Reaverpede,[Card Equip Effect] Increases damage against Medium-sized by [{img star_mark 20 20}/2]%,icon_item_card_atk,051_boss_reaverpede,None,None,None,None,800044,None,None,None,7,2,Reaverpede Card,500,276,6,1200,0.0,0.0,TTTT,4,0,1.0
644019,card_spector_gh,[Card Equip Effect] SP Potion Effects +[{img star_mark 20 20}]%,icon_item_card_util,010_boss_spector_gh,None,None,None,None,800045,"[{""Chance"": 0.13, ""Monster"": 47356, ""Quantity_MAX"": 0, ""Quantity_MIN"": 0}]",None,None,0,1,Rikaus Card,500,230,2,76,0.0,0.0,TTTT,4,5,1.0
644022,card_mineloader,[Card Equip Effect] [{img star_mark 20 20}/3]% of applying Electric Shock on enemy for 3 seconds when attacking{nl}(Damage of Electric Shock is fixed to 1.),icon_item_card_util,092_boss_mineloader,[642014],"[642904, 642921]",None,None,800024,None,None,None,5,4,Mineloader Card,500,345,4,863,0.0,0.0,TTTT,4,5,1.0
644023,card_Malletwyvern,[Card Equip Effect] [{img star_mark 20 20}]% chance of recovering 3% SP when attacked by large-sized targets{nl}Cooldown 5 sec,icon_item_card_util,106_malletwyvern,None,None,None,None,47502,None,None,None,4,0,Mallet Wyvern Card,500,222,4,1605,0.0,0.0,TTTT,4,5,1.0
644024,card_MagBurk,[Card Equip Effect] [{img star_mark 20 20}]% chance of recovering 5% SP after defeating Mutant-type monsters,icon_item_card_util,049_boss_magburk,[642014],None,None,None,41350,None,None,None,2,4,Magburk Card,500,197,4,409,0.0,0.0,TTTT,4,5,1.0
644025,card_Manticen,[Card Equip Effect] Movement Speed +[{img star_mark 20 20}/5] for 10 seconds after using Stamina potions,icon_item_card_util,114_boss_manticen,None,"[642906, 642922]",None,None,800030,None,None,None,7,2,Manticen Card,500,255,4,214,0.0,0.0,TTTT,4,5,1.0
644026,card_Mummyghast,"[Card Equip Effect] STR +[{img star_mark 20 20}/2], DEX +[{img star_mark 20 20}/2] ",icon_item_card_stat,042_boss_mummyghast,None,None,None,None,800003,None,None,None,0,1,Mummyghast Card,500,420,2,312,0.0,0.0,TTTT,4,4,1.0
644027,card_mushcaria,[Card Equip Effect] SP Recovery +[{img star_mark 20 20}*6],icon_item_card_util,059_boss_mushcaria,None,None,None,None,41217,None,None,None,7,5,Mushcaria Card,500,263,2,272,0.0,0.0,TTTT,4,5,1.0
644028,card_Merge,[Card Equip Effect] Increases damage against Ice property monsters by [{img star_mark 20 20}]%,icon_item_card_atk,119_merge,None,None,None,None,800046,None,None,None,4,2,Merge Card,500,321,1,320,0.0,0.0,TTTT,4,0,1.0
644029,card_Mothstem,[Card Equip Effect] Magic Attack +[{img star_mark 20 20}*7] when equipping Strike weapons,icon_item_card_atk,103_boss_mothstem,[642012],None,None,None,800047,None,None,None,5,2,Mothstem Card,500,188,1,136,0.0,0.0,TTTT,4,0,1.0
644030,card_moa,[Card Equip Effect] Increases damage against Demon-type monsters by [{img star_mark 20 20}]%,icon_item_card_atk,083_boss_moa,None,None,None,None,41378,None,None,None,0,0,Moa Card,500,340,2,1120,0.0,0.0,TTTT,4,0,1.0
644031,card_Moyabruka,[Card Equip Effect] Increases damage against Leather-wearing enemies by [{img star_mark 20 20}/2]%,icon_item_card_atk,115_boss_moyabruka,[642012],None,None,None,47325,"[{""Chance"": 0.13, ""Monster"": 47386, ""Quantity_MAX"": 0, ""Quantity_MIN"": 0}]",None,None,1,0,Moyabruka Card,500,200,4,1288,0.0,0.0,TTTT,4,0,1.0
644032,card_Moldyhorn,[Card Equip Effect] Increases damage against petrified enemies by [{img star_mark 20 20}]%,icon_item_card_atk,109_boss_moldyhorn,[642012],None,None,None,47323,None,None,None,7,0,Moldyhorn Card,500,307,2,421,0.0,0.0,TTTT,4,0,1.0
644033,card_molich,[Card Equip Effect] Block + [{img star_mark 20 20} *  2],icon_item_card_util,021_boss_glass_mole,[642012],"[642908, 642915, 642923]",None,None,400421,None,None,None,0,0,Molich Card,500,540,2,2075,0.0,0.0,TTTT,4,5,1.0
644034,card_Minotaurs,"[Card Equip Effect] DEX +[{img star_mark 20 20}/2], SPR +[{img star_mark 20 20}/2] ",icon_item_card_stat,090_boss_minotaurs,None,None,None,None,800004,None,None,None,2,1,Minotaur Card,500,242,2,560,0.0,0.0,TTTT,4,4,1.0
644035,card_mirtis,[Card Equip Effect] Increases damage against Small-sized targets by [{img star_mark 20 20}/2]%,icon_item_card_atk,007_boss_mirtis,None,None,None,None,800048,None,None,None,0,1,Mirtis Card,500,346,2,192,0.0,0.0,TTTT,4,0,1.0
644036,card_bebraspion,[Card Equip Effect] Attack Speed +[{img star_mark 20 20}] when equipping two-handed weapons,icon_item_card_util,005_boss_bebraspion,None,None,None,None,41222,"[{""Chance"": 0.13, ""Monster"": 47366, ""Quantity_MAX"": 0, ""Quantity_MIN"": 0}]",None,None,5,0,Bebraspion Card,500,345,2,860,0.0,0.0,TTTT,4,5,1.0
644037,card_bearkaras,[Card Equip Effect] Increases damage against Earth property monsters by [{img star_mark 20 20}]%,icon_item_card_atk,031_boss_bearkaras,None,None,None,None,401141,None,None,None,1,0,Bearkaras Card,500,359,2,3123,0.0,0.0,TTTT,4,0,1.0
644038,card_Velorchard,[Card Equip Effect] Evasion +[{img star_mark 20 20}*2],icon_item_card_util,126_boss_velorchard,None,None,None,None,800049,None,None,None,5,1,Velorchard Card,500,185,3,160,0.0,0.0,TTTT,4,5,1.0
644039,card_Goblin_Warrior,[Card Equip Effect] Increases damage against Beast-type monsters by [{img star_mark 20 20}]%,icon_item_card_atk,004_boss_goblin_warrior,None,None,None,None,400201,None,None,None,1,0,Vubbe Fighter Card,500,240,2,356,0.0,0.0,TTTT,4,0,1.0
644040,card_Goblin_Warrior_red,[Card Equip Effect] Physical Attack +[{img star_mark 20 20}*7] when equipping Strike weapons,icon_item_card_atk,128_boss_goblin_warrior_red,None,None,None,None,400203,None,None,None,2,0,Red Vubbe Fighter Card,500,255,2,390,0.0,0.0,TTTT,4,0,1.0
644041,card_bramble,[Card Equip Effect] Earth Property Resistance +[{img star_mark 20 20}*10],icon_item_card_def,019_boss_bramble,None,None,None,None,400901,None,None,None,0,5,Bramble Card,500,545,2,1350,0.0,0.0,TTTT,4,1,1.0
644042,card_BiteRegina,[Card Equip Effect] [{img star_mark 20 20}/3]% chance per attack dealt of poisoning an enemy for 6 sec,icon_item_card_util,022_boss_biteregina,[642011],None,None,None,800050,"[{""Chance"": 0.2, ""Monster"": 57141, ""Quantity_MAX"": 0, ""Quantity_MIN"": 0}]",None,None,7,2,Biteregina Card,500,210,6,180,0.0,0.0,TTTT,4,5,1.0
644043,card_Strongholder,[Card Equip Effect] Stamina +[{img star_mark 20 20}],icon_item_card_util,082_boss_strongholder,[642011],None,None,None,800005,"[{""Chance"": 0.13, ""Monster"": 47358, ""Quantity_MAX"": 0, ""Quantity_MIN"": 0}]",None,None,0,1,Cyclops Card,500,251,2,456,0.0,0.0,TTTT,4,5,1.0
644044,card_Saltistter,[Card Equip Effect] Ice Property Resistance +[{img star_mark 20 20}*10],icon_item_card_def,085_boss_saltistter,None,None,None,None,41207,None,None,None,4,0,Saltistter Card,500,300,2,685,0.0,0.0,TTTT,4,1,1.0
644045,card_salamander,[Card Equip Effect] [{img star_mark 20 20}]% chance of recovering 5% SP after defeating Fire property monsters,icon_item_card_util,054_boss_salamander,[642014],None,None,None,41205,None,None,None,2,0,Salamander Card,500,202,4,524,0.0,0.0,TTTT,4,5,1.0
644046,card_ShadowGaoler,[Card Equip Effect] Silence Resistance +[{img star_mark 20 20} * 2],icon_item_card_util,093_boss_shadowgaoler,None,"[642901, 642918, 642940]",None,None,800006,"[{""Chance"": 10.0, ""Monster"": 47360, ""Quantity_MAX"": 0, ""Quantity_MIN"": 0}]",None,None,0,1,Shadowgaler Card,500,290,1,161,0.0,0.0,TTTT,4,5,1.0
644047,card_stone_whale,[Card Equip Effect] [{img star_mark 20 20}/3]% per attack dealt of reducing damage received by 10% for 5 seconds,icon_item_card_util,075_boss_stone_whale,None,None,None,None,41209,"[{""Chance"": 10.0, ""Monster"": 57143, ""Quantity_MAX"": 0, ""Quantity_MIN"": 0}]",None,None,1,4,Stone Whale Card,500,226,1,5288,0.0,0.0,TTTT,4,5,1.0
644048,card_Shnayim,[Card Equip Effect] Lightning Property Resistance +[{img star_mark 20 20}*10],icon_item_card_def,033_boss_shnayim,[642013],None,None,None,41241,None,None,None,5,4,Shnayim Card,500,270,2,3100,0.0,0.0,TTTT,4,1,1.0
644049,card_Confinedion,[Card Equip Effect] Pierce Defense +[{img star_mark 20 20}*10],icon_item_card_def,096_boss_confinedion,None,None,None,None,41379,None,None,None,7,0,Scorpio Card,500,355,8,644,0.0,0.0,TTTT,4,1,1.0
644050,card_Spector_m,[Card Equip Effect] [{img star_mark 20 20}]% chance of recovering 5% SP after defeating Dark property monsters,icon_item_card_util,008_boss_spector_m,None,None,None,None,800007,None,None,None,0,1,Specter Monarch Card,500,210,2,45,0.0,0.0,TTTT,4,5,1.0
644051,card_Throneweaver,[Card Equip Effect] [{img star_mark 20 20}]% chance of recovering 5% SP after defeating Poison property monsters,icon_item_card_util,041_boss_throneweaver,None,None,None,None,800009,"[{""Chance"": 10.0, ""Monster"": 47365, ""Quantity_MAX"": 0, ""Quantity_MIN"": 0}, {""Chance"": 10.0, ""Monster"": 57384, ""Quantity_MAX"": 0, ""Quantity_MIN"": 0}]",None,None,7,1,Throneweaver Card,500,352,6,375,0.0,0.0,TTTT,4,5,1.0
644052,card_Ironbaum,[Card Equip Effect] Increases damage against sleeping enemies by [{img star_mark 20 20}]%,icon_item_card_atk,060_boss_ironbaum,None,None,None,None,41354,"[{""Chance"": 10.0, ""Monster"": 57390, ""Quantity_MAX"": 0, ""Quantity_MIN"": 0}]",None,None,2,4,Ironbaum Card,500,230,2,2108,0.0,0.0,TTTT,4,0,1.0
644053,card_archon,[Card Equip Effect] Increases damage against Fire property monsters by [{img star_mark 20 20}]%,icon_item_card_atk,095_boss_archon,[642013],None,None,None,800027,"[{""Chance"": 0.13, ""Monster"": 47370, ""Quantity_MAX"": 0, ""Quantity_MIN"": 0}]",None,None,2,4,Archon Card,500,406,2,960,0.0,0.0,TTTT,4,0,1.0
644054,card_Abomination,"[Card Equip Effect] DEX +[{img star_mark 20 20}/2], CON +[{img star_mark 20 20}/2] ",icon_item_card_stat,038_boss_abomination,None,None,None,None,800029,None,None,None,0,1,Abomination Card,500,420,2,1255,0.0,0.0,TTTT,4,4,1.0
644055,card_Unknocker,"[Card Equip Effect] SPR +[{img star_mark 20 20}/2], CON +[{img star_mark 20 20}/2]",icon_item_card_stat,040_boss_unknocker,None,None,None,None,800010,None,None,None,0,1,Unknocker Card,500,383,2,782,0.0,0.0,TTTT,4,4,1.0
644056,card_Achat,[Card Equip Effect] Increases damage against Lightning property monsters by [{img star_mark 20 20}]%,icon_item_card_atk,032_boss_achat,None,None,None,None,41240,None,None,None,5,4,Achat Card,500,220,2,2403,0.0,0.0,TTTT,4,0,1.0
644057,card_ellaganos,[Card Equip Effect] DEX +[{img star_mark 20 20}],icon_item_card_stat,037_boss_ellaganos,None,None,None,None,800013,None,None,None,0,1,Ellaganos Card,500,392,6,1060,0.0,0.0,TTTT,4,4,1.0
644058,card_yekub,[Card Equip Effect] Add. Holy Property Damage +[{img star_mark 20 20}*10],icon_item_card_util,011_boss_yekub,None,None,None,None,41234,None,None,None,4,0,Yekub Card,500,340,8,316,0.0,0.0,TTTT,4,5,1.0
644059,card_yonazolem,[Card Equip Effect] Holy Property Resistance +[{img star_mark 20 20}*10],icon_item_card_def,055_boss_yonazolem,[642014],None,None,None,41211,"[{""Chance"": 0.0, ""Monster"": 41211, ""Quantity_MAX"": 0, ""Quantity_MIN"": 0}, {""Chance"": 0.13, ""Monster"": 47364, ""Quantity_MAX"": 0, ""Quantity_MIN"": 0}]",None,None,1,4,Yonazolem Card,500,410,2,3170,0.0,0.0,TTTT,4,1,1.0
644061,card_werewolf,[Card Equip Effect] [{img star_mark 20 20}]% chance of attacks being registered as rear attacks,icon_item_card_util,070_boss_werewolf,None,None,None,None,41247,"[{""Chance"": 10.0, ""Monster"": 47415, ""Quantity_MAX"": 0, ""Quantity_MIN"": 0}]",None,None,0,0,Werewolf Card,500,378,2,982,0.0,0.0,TTTT,4,5,1.0
644062,card_unicorn,[Card Equip Effect] Increases damage against Dark property monsters by [{img star_mark 20 20}]%,icon_item_card_atk,050_unicorn,None,None,None,None,800051,None,None,None,0,1,Unicorn Card,500,329,4,460,0.0,0.0,TTTT,4,0,1.0
644063,card_Iltiswort,[Card Equip Effect] Increases damage against Plant-type monsters by [{img star_mark 20 20}]%,icon_item_card_atk,017_boss_iltiswort,[642013],None,None,None,41214,None,None,None,7,5,Iltiswort Card,500,308,1,512,0.0,0.0,TTTT,4,0,1.0
644064,card_GiantWoodGoblin_red,[Card Equip Effect] Increases damage against Cloth-wearing enemies by [{img star_mark 20 20}/2]%,icon_item_card_atk,062_boss_giantwoodgoblin_red,None,None,None,None,41215,None,None,None,2,5,Giant Red Wood Goblin Card,500,551,2,1429,0.0,0.0,TTTT,4,0,1.0
644065,card_GiantWoodGoblin,[Card Equip Effect] Increases damage against stunned enemies by [{img star_mark 20 20}]%,icon_item_card_atk,061_boss_giantwoodgoblin,None,None,None,None,41386,None,None,None,7,5,Giant Wood Goblin Card,500,552,2,1428,0.0,0.0,TTTT,4,0,1.0
644067,card_Chapparition,[Card Equip Effect] Magic Damage +[{img star_mark 20 20}]% for 6 seconds after using any type of SP potion,icon_item_card_atk,068_boss_chapparition,[642011],None,None,None,800011,None,"[13026, 13028, 30122, 33029]",None,0,1,Chapparition Card,500,254,1,108,0.0,0.0,TTTT,4,0,1.0
644068,card_chafer,[Card Equip Effect] Increases damage against Insect-type monsters by [{img star_mark 20 20}]%,icon_item_card_atk,023_boss_chafer,[642012],None,None,None,800052,None,None,None,7,2,Chafer Card,500,235,2,217,0.0,0.0,TTTT,4,0,1.0
644070,card_Carapace,[Card Equip Effect] [{img star_mark 20 20}]% chance of recovering 5% SP after defeating Ice property monsters,icon_item_card_util,098_boss_carapace,None,None,None,None,800053,"[{""Chance"": 10.0, ""Monster"": 47357, ""Quantity_MAX"": 0, ""Quantity_MIN"": 0}]",None,None,4,2,Carapace Card,500,240,6,338,0.0,0.0,TTTT,4,5,1.0
644072,card_onion_the_great,[Card Equip Effect] Increases damage against Large-sized targets by [{img star_mark 20 20}/2]%,icon_item_card_atk,058_boss_onion_the_great,None,None,None,None,41201,None,None,None,0,4,Kepa Chieftain Card,500,465,2,680,0.0,0.0,TTTT,4,0,1.0
644073,card_Colimencia,[Card Equip Effect] Poison Property Resistance +[{img star_mark 20 20}*10],icon_item_card_def,101_boss_colimencia,None,None,None,None,47318,None,None,None,4,5,Colimencia Card,500,340,6,386,0.0,0.0,TTTT,4,1,1.0
644074,card_Clymen,[Card Equip Effect] Increases damage against Poison property monsters by [{img star_mark 20 20}]%,icon_item_card_atk,117_boss_clymen,None,None,None,None,47316,"[{""Chance"": 0.2, ""Monster"": 47381, ""Quantity_MAX"": 0, ""Quantity_MIN"": 0}]",None,None,7,5,Clymen Card,500,364,2,314,0.0,0.0,TTTT,4,0,1.0
644075,card_Kimeleech,[Card Equip Effect] Block Penetration + [{img star_mark 20 20} *  1.5],icon_item_card_util,048_boss_kimeleech,None,None,None,None,800054,"[{""Chance"": 10.0, ""Monster"": 47368, ""Quantity_MAX"": 0, ""Quantity_MIN"": 0}]",None,None,7,2,Kirmeleech Card,500,246,14,780,0.0,0.0,TTTT,4,5,1.0
644076,card_tutu,[Card Equip Effect] Carry Weight +[{img star_mark 20 20}]%,icon_item_card_util,076_boss_tutu,None,None,None,None,57161,None,None,None,7,0,Tutu Card,500,230,4,1168,0.0,0.0,TTTT,4,5,1.0
644077,card_TombLord,[Card Equip Effect] Increases damage against Boss monsters by [{img star_mark 20 20}/2]%,icon_item_card_atk,034_boss_tomblord,None,None,None,None,800055,None,None,None,0,1,Tomb Lord Card,500,201,2,180,0.0,0.0,TTTT,4,0,1.0
644078,card_poata,[Card Equip Effect] HP Recovery +[{img star_mark 20 20}*30],icon_item_card_util,001_boss_poata,None,None,None,None,41202,"[{""Chance"": 10.0, ""Monster"": 47352, ""Quantity_MAX"": 0, ""Quantity_MIN"": 0}]",None,None,7,0,Poata Card,500,310,2,427,0.0,0.0,TTTT,4,5,1.0
644079,card_Sequoia_blue,"[Card Equip Effect] Physical Defense +[{img star_mark 20 20}*5], Magic Defense +[{img star_mark 20 20}*5]",icon_item_card_def,015_boss_sequoia,None,None,None,None,401661,"[{""Chance"": 10.0, ""Monster"": 47359, ""Quantity_MAX"": 0, ""Quantity_MIN"": 0}]",None,None,2,5,Sequoia Card,500,356,2,866,0.0,0.0,TTTT,4,1,1.0
644080,card_Harpeia,[Card Equip Effect] [{img star_mark 20 20}]% chance of recovering 5% SP after defeating Lightning property monsters,icon_item_card_util,107_boss_harpeia,None,"[642905, 642921]",None,None,800012,None,None,None,5,1,Harpeia Card,500,230,2,197,0.0,0.0,TTTT,4,5,1.0
644081,card_honeypin,[Card Equip Effect] Add. Poison Property Damage +[{img star_mark 20 20}*10],icon_item_card_util,047_boss_honeypin,None,None,None,None,800056,None,None,None,7,2,Honeypin Card,500,218,6,240,0.0,0.0,TTTT,4,5,1.0
644082,card_helgasercle,[Card Equip Effect] Magic Attack +[{img star_mark 20 20}*5],icon_item_card_atk,053_boss_helgasercle,None,None,None,None,800057,None,None,None,0,1,Helgasercle Card,500,298,1,142,0.0,0.0,TTTT,4,0,1.0
644083,card_Spector_F,[Card Equip Effect] Maximum SP +[{img star_mark 20 20}*30],icon_item_card_util,009_boss_spector_f,None,None,None,None,800080,None,None,None,0,1,Specter of Deceit Card,500,162,1,45,0.0,0.0,TTTT,4,5,1.0
644084,card_hydra,[Card Equip Effect] Increases damage against frozen enemies by [{img star_mark 20 20}]%,icon_item_card_atk,099_boss_hydra,None,None,None,None,47313,None,None,None,4,4,Hydra Card,500,353,4,1624,0.0,0.0,TTTT,4,0,1.0
644085,card_rajapearl,[Card Equip Effect] [{img star_mark 20 20}/3]% chance per attack dealt of bleeding an enemy for 6 sec,icon_item_card_util,078_boss_rajapearl,None,None,None,None,41243,None,None,None,4,0,Rajapearl Card,500,160,1,908,0.0,0.0,TTTT,4,5,1.0
644087,card_fallen_statue,[Card Equip Effect] Increases damage against Stationary-type monsters by [{img star_mark 20 20}]%,icon_item_card_atk,013_boss_fallen_statue,None,None,None,None,800071,None,None,None,0,1,Corrupted Card,500,213,2,240,0.0,0.0,TTTT,4,0,1.0
644088,card_lepus,[Card Equip Effect] Attack Speed +[{img star_mark 20 20}] when equipping one-handed weapons,icon_item_card_util,084_boss_lepus,None,None,None,None,41216,None,None,None,1,0,Lepus Card,500,375,2,686,0.0,0.0,TTTT,4,5,1.0
644089,card_sparnas,[Card Equip Effect] Physical Attack +[{img star_mark 20 20}*7] when equipping Missile weapons,icon_item_card_atk,006_boss_sparnas,None,None,None,None,41224,None,None,None,5,0,Sparnas Card,500,185,2,206,0.0,0.0,TTTT,4,0,1.0
644092,card_Sparnanman,[Card Equip Effect] Dark Property Resistance +[{img star_mark 20 20}*10],icon_item_card_def,035_boss_sparnanman,None,None,None,None,800008,None,None,None,0,1,Sparnasman Card,500,315,2,412,0.0,0.0,TTTT,4,1,1.0
644093,card_Kerberos,[Card Equip Effect] [{img star_mark 20 20}]% chance of recovering 1% SP when attacked by Large-sized monsters{nl}Cooldown 5 sec,icon_item_card_util,094_boss_kerberos,[642013],[642903],None,None,800028,None,None,None,2,1,Cerberus Card,500,207,4,460,0.0,0.0,TTTT,4,5,1.0
644094,card_capria,[Card Equip Effect] Sleep Resistance +[{img star_mark 20 20} * 2],icon_item_card_util,131_boss_capria,None,None,None,None,57210,None,None,None,7,0,Capria Card,500,214,2,189,0.0,0.0,TTTT,4,5,1.0
644095,card_Nepenthes,"[Card Equip Effect] Maximum HP +[{img star_mark 20 20}*90], Maximum SP +[{img star_mark 20 20}*15]",icon_item_card_util,135_boss_nepenthes,None,None,None,None,57015,None,None,None,1,5,Nepenthes Card,500,194,2,174,0.0,0.0,TTTT,4,5,1.0
644096,card_simorph,"[Card Equip Effect] STR +[{img star_mark 20 20}/2], CON +[{img star_mark 20 20}/2]",icon_item_card_stat,133_boss_simorph,None,None,None,None,57151,None,None,None,1,5,Simorph Card,500,141,2,60,0.0,0.0,TTTT,4,4,1.0
644098,card_Golem_gray,[Card Equip Effect] Physical Defense +[{img star_mark 20 20}*10],icon_item_card_def,134_boss_graygolem,None,None,None,None,450222,"[{""Chance"": 10.0, ""Monster"": 47353, ""Quantity_MAX"": 0, ""Quantity_MIN"": 0}]",None,None,1,4,Gray Golem Card,500,213,2,6193,0.0,0.0,TTTT,4,1,1.0
644099,card_Naktis,[Card Equip Effect] Accuracy +[{img star_mark 20 20}*1.5],icon_item_card_util,066_boss_naktis,None,None,None,None,800058,None,None,None,0,1,Naktis Card,500,344,2,128,0.0,0.0,TTTT,4,5,1.0
644100,card_RingCrawler,[Card Equip Effect] SPR +[{img star_mark 20 20}],icon_item_card_stat,067_boss_ringcrawler,None,None,None,None,41232,None,None,None,5,4,Linkroller Card,500,382,1,372,0.0,0.0,TTTT,4,4,1.0
644101,card_Durahan,"[Card Equip Effect] [★]% chance of resurrecting with 10% HP recovered after becoming incapable of combat.{nl}(When you become incapable of combat at Team Battle League Tournament, you become incapable of combat after 10 seconds of maintenance instead of being incapable of combat right away.)",icon_item_card_util,071_durahan,None,None,None,None,800014,None,None,None,0,1,Dullahan Card,500,245,6,482,0.0,0.0,TTTT,4,5,1.0
644102,card_Riteris,[Card Equip Effect] Blind Resistance +[{img star_mark 20 20} * 2],icon_item_card_util,073_riteris,None,"[642909, 642915, 642923]",None,None,800015,None,None,None,0,1,Riteris Card,500,221,2,308,0.0,0.0,TTTT,4,5,1.0
644103,card_Nuaele,[Card Equip Effect] Magic Defense +[{img star_mark 20 20}]%,icon_item_card_def,074_nuaele,None,None,None,None,800016,None,None,None,0,1,Nuaele Card,500,186,1,91,0.0,0.0,TTTT,4,1,1.0
644104,card_Neop,[Card Equip Effect] HP Potion Effects +[{img star_mark 20 20}]%,icon_item_card_util,113_neop,None,None,None,None,800059,None,None,None,7,2,Neop Card,500,368,2,912,0.0,0.0,TTTT,4,5,1.0
644105,card_Blud,[Card Equip Effect] CON +[{img star_mark 20 20}],icon_item_card_stat,112_blud,None,None,None,None,800060,None,None,None,0,1,Blut Card,500,432,4,1677,0.0,0.0,TTTT,4,4,1.0
644106,card_Glackuman,[Card Equip Effect] Slash Defense +[{img star_mark 20 20}*10],icon_item_card_def,116_glackuman,None,None,None,None,800022,None,None,None,6,4,Glackuman Card,500,382,2,1954,0.0,0.0,TTTT,4,1,1.0
644108,card_Tetraox,[Card Equip Effect] Bleed Resistance +[{img star_mark 20 20} * 2],icon_item_card_util,127_tetraox,None,None,None,None,57421,None,None,None,1,0,Tetraox Card,500,190,4,1260,0.0,0.0,TTTT,4,5,1.0
644109,card_basilisk,[Card Equip Effect] Critical Resistance +[{img star_mark 20 20}*2],icon_item_card_util,122_basilisk,None,None,None,None,800061,None,None,None,5,2,Basilisk Card,500,220,4,784,0.0,0.0,TTTT,4,5,1.0
644110,card_gremlin,[Card Equip Effect] Attack +[{img star_mark 20 20}*7] when equipping Slash weapons,icon_item_card_atk,124_gremlin,None,None,None,None,58522,None,None,None,5,0,Gremlin Card,500,331,2,610,0.0,0.0,TTTT,4,0,1.0
644111,card_plokste,[Card Equip Effect] Physical Attack +[{img star_mark 20 20}*5],icon_item_card_atk,120_plokste,None,None,None,None,800062,None,None,None,7,2,Plokste Card,500,224,6,484,0.0,0.0,TTTT,4,0,1.0
644112,card_Woodhoungan,"[Card Equip Effect] INT +[{img star_mark 20 20}/2], CON +[{img star_mark 20 20}/2] ",icon_item_card_stat,121_woodhoungan,None,None,None,None,47512,None,None,None,7,5,Wood Houngan Card,500,326,1,389,0.0,0.0,TTTT,4,4,1.0
644113,card_velnewt,[Card Equip Effect] [{img star_mark 20 20}]% chance of recovering 0.5% HP when attacked by Small-sized targets{nl}Cooldown 15 sec,icon_item_card_util,125_velnewt,None,None,None,None,800063,None,None,None,1,2,Velnewt Card,500,222,4,404,0.0,0.0,TTTT,4,5,1.0
644114,card_Velpede,[Card Equip Effect] [{img star_mark 20 20}/3]% chance per attack dealt of increasing Movement Speed +4 for 6 seconds,icon_item_card_util,123_velpede,None,None,None,None,800064,None,None,None,1,2,Velpede Card,500,270,6,504,0.0,0.0,TTTT,4,5,1.0
644117,card_Pyroego,[Card Equip Effect] INT +[{img star_mark 20 20}] ,icon_item_card_stat,057_boss_pyroego,None,None,None,None,800065,None,None,None,2,1,Pyroego Card,500,391,1,100,0.0,0.0,TTTT,4,4,1.0
644118,card_Mandala,[Card Equip Effect] Increases damage against knocked-down enemies by [{img star_mark 20 20}]%,icon_item_card_atk,065_mandala,None,None,None,None,57707,None,None,None,0,4,Mandara Card,500,229,2,270,0.0,0.0,TTTT,4,0,1.0
644119,card_LithoRex,[Card Equip Effect] Add. Lightning Property Damage +[{img star_mark 20 20}*10],icon_item_card_util,079_boss_lithorex,None,None,None,None,800017,None,None,None,5,1,Lithorex Card,500,317,2,483,0.0,0.0,TTTT,4,5,1.0
644120,card_Nuodai,"[Card Equip Effect] Stun Resistance +[{img star_mark 20 20}]%, Sleep Resistance +[{img star_mark 20 20}]% ",icon_item_card_util,086_nuodai,None,None,None,None,800066,None,None,None,4,1,Nuodai Card,500,330,6,480,0.0,0.0,TTTT,4,5,1.0
644121,card_Centaurus,[Card Equip Effect] AoE Attack Ratio +[{img star_mark 20 20}/5],icon_item_card_atk,088_centaurus,None,None,None,None,800067,None,None,None,4,1,Centaurus Card,500,230,4,227,0.0,0.0,TTTT,4,0,1.0
644122,card_Yeti,[Card Equip Effect] Maximum HP +[{img star_mark 20 20}*180],icon_item_card_util,089_yeti,None,None,None,None,57415,None,None,None,4,0,Yeti Card,500,235,2,360,0.0,0.0,TTTT,4,5,1.0
644123,card_Frogola,[Card Equip Effect] Magic Defense +[{img star_mark 20 20}]% for 10 seconds after using any type of HP potion,icon_item_card_def,100_frogola,None,None,None,None,800018,None,None,None,4,1,Progola Card,500,201,1,164,0.0,0.0,TTTT,4,1,1.0
644125,card_Marionette,[Card Equip Effect] [{img star_mark 20 20}/3]% chance per attack dealt of slowing down an enemy for 3 sec,icon_item_card_util,105_marionette,None,None,None,None,800068,None,None,None,0,1,Marionette Card,500,318,2,211,0.0,0.0,TTTT,4,5,1.0
644126,card_Canceril,[Card Equip Effect] [{img star_mark 20 20}]% chance of recovering 2% HP when attacked by Small-sized monsters{nl}Cooldown 15 sec,icon_item_card_util,110_canceril,None,None,None,None,800025,None,None,None,4,2,Canceril Card,500,212,6,256,0.0,0.0,TTTT,4,5,1.0
644127,card_Crabil,[Card Equip Effect] Stun Resistance +[{img star_mark 20 20} * 2],icon_item_card_util,111_crabil,None,None,None,None,47505,None,None,None,1,0,Crabil Card,500,270,8,400,0.0,0.0,TTTT,4,5,1.0
644128,card_Genmagnus,[Card Equip Effect] Maximum Sub Physical Attack +[{img star_mark 20 20}*3],icon_item_card_atk,069_boss_genmagnus,None,None,None,None,800069,None,None,None,4,1,Master Genie Card,500,380,1,83,0.0,0.0,TTTT,4,0,1.0
644129,card_merregina,[Card Equip Effect] Add. Ice Property Damage +[{img star_mark 20 20}*10],icon_item_card_util,077_merregina,None,None,None,None,800070,None,None,None,4,1,Merregina Card,500,363,1,208,0.0,0.0,TTTT,4,5,1.0
644130,card_Templeshooter,"[Card Equip Effect] STR +[{img star_mark 20 20}/2], SPR +[{img star_mark 20 20}/2] ",icon_item_card_stat,063_boss_templeshooter,None,None,None,None,800021,None,None,None,0,1,Templeshooter Card,500,230,2,224,0.0,0.0,TTTT,4,4,1.0
644131,card_Fireload,[Card Equip Effect] Add. Fire Property Damage +[{img star_mark 20 20}*10],icon_item_card_util,129_boss_firelord,None,[642902],None,None,800023,None,None,None,2,1,Fire Lord Card,500,274,2,207,0.0,0.0,TTTT,4,5,1.0
644132,card_Kubas,"[Card Equip Effect] INT +[{img star_mark 20 20}/2], SPR +[{img star_mark 20 20}/2] ",icon_item_card_stat,130_boss_kubas,None,None,None,None,41373,None,None,None,5,4,Kubas Card,500,253,2,1620,0.0,0.0,TTTT,4,4,1.0
644133,card_Deathweaver,[Card Equip Effect] [{img star_mark 20 20}]% chance of recovering 3% HP when attacked by Large-sized targets{nl}Cooldown 15 sec,icon_item_card_util,081_boss_deathweaver,None,None,None,None,800026,None,None,None,0,1,Deathweaver Card,500,430,8,364,0.0,0.0,TTTT,4,5,1.0
644134,card_Flammidus,[Card Equip Effect] Fire Property Resistance +[{img star_mark 20 20}*10],icon_item_card_def,132_boss_flammidus,None,"[642910, 642920, 642942]",None,None,800031,None,None,None,0,1,Flammidus Card,500,211,2,55,0.0,0.0,TTTT,4,1,1.0
644135,card_Marnoks,[Card Equip Effect] Critical Rate +[{img star_mark 20 20}*1.5],icon_item_card_util,139_boss_marnoks,None,None,None,None,800078,None,None,None,1,1,Marnox Card,500,,,,0.0,0.0,TTTT,4,5,1.0
644136,card_Zawra,[Card Equip Effect] Physical Defense +[{img star_mark 20 20}]%,icon_item_card_def,140_boss_zawra,None,None,None,None,800072,None,None,None,0,1,Zaura Card,500,,,,0.0,0.0,TTTT,4,1,1.0
644137,card_Prisoncutter,[Card Equip Effect] Increases damage against bleeding enemies by [{img star_mark 20 20}]%,icon_item_card_atk,143_boss_prisoncutter,None,None,None,None,800020,None,None,None,0,1,Prison Cutter Card,500,,,,0.0,0.0,TTTT,4,0,1.0
644138,card_FerretMarauder,[Card Equip Effect] Provocation when attacking +[{img star_mark 20 20}]%,icon_item_card_util,141_boss_ferretmarauder,None,None,None,None,57864,None,None,None,1,0,Ferret Marauder Card,500,,,,0.0,0.0,TTTT,4,5,1.0
644139,card_Velniamonkey,[Card Equip Effect] Increases damage against poisoned enemies by [{img star_mark 20 20}]%,icon_item_card_atk,142_boss_velniamonkey,None,None,None,None,57428,None,None,None,7,5,Velnia Monkey Card,500,,,,0.0,0.0,TTTT,4,0,1.0
644140,card_Woodspirit,[Card Equip Effect] 10% chance of recovering [{img star_mark 20 20}*70] HP when attacked{nl}Cooldown 20 sec,icon_item_card_def,002_boss_woodspirit,None,None,None,None,47355,None,None,None,1,5,Woodspirit Card,500,,,,0.0,0.0,TTTT,4,1,1.0
644141,card_Armaox,[Card Equip Effect] 10% chance of generating [{img star_mark 20 20}*100] Shield for 10 sec when attacked,icon_item_card_def,144_boss_armaox,None,"[642925, 642943]",None,None,57443,None,None,None,7,5,Armaos Card,500,,,,0.0,0.0,TTTT,4,1,1.0
644142,card_Succubus,[Card Equip Effect] Provocation when attacking -[{img star_mark 20 20}]%,icon_item_card_util,138_boss_succubus,None,None,None,None,800079,None,None,None,7,1,Succubus Card,500,,,,0.0,0.0,TTTT,4,5,1.0
644143,card_Stonefroster,[Card Equip Effect] CON +[{img star_mark 20 20}*1.5] for 10 sec after using an HP potion,icon_item_card_stat,145_boss_stonefroster,None,None,None,None,57589,None,None,None,1,4,Stone Froster Card,500,,,,0.0,0.0,TTTT,4,4,1.0
644144,card_Lapene,"[Card Equip Effect] STR, CON, INT, SPR, DEX +[{img star_mark 20 20}/3]",icon_item_card_stat,146_boss_lapene,None,None,None,None,57866,None,None,None,2,0,Rafene Card,500,,,,0.0,0.0,TTTT,4,4,1.0
644145,card_Rambandgad,[Card Equip Effect] SPR +[{img star_mark 20 20}*1.5] for 10 sec after using an SP potion,icon_item_card_stat,147_boss_rambandgad,None,"[642925, 642943]",None,None,800019,None,None,None,0,1,Lavenzard Card,500,,,,0.0,0.0,TTTT,4,4,1.0
644146,card_SwordBallista,[Card Equip Effect] Looting Chance +[{img star_mark 20 20}*5],icon_item_card_stat,148_boss_swordballista,None,None,None,None,800081,None,None,None,0,1,Gorkas Card,500,,,,0.0,0.0,TTTT,4,4,1.0
644147,card_FrosterLord,[Card Equip Effect] [{img star_mark 20 20}/2]% chance per attack dealt of applying Frostbite to an enemy for 4 sec{nl}(Does not apply to boss monsters.),icon_item_card_atk,149_boss_frosterlord,None,None,None,None,800076,None,None,None,0,1,Froster Lord Card,500,,,,0.0,0.0,TTTT,4,0,1.0
644148,card_varleking,[Card Equip Effect] Healing +[{img star_mark 20 20}*5],icon_item_card_def,144_boss_varleking,None,"[642928, 642944]",None,None,57866,None,None,None,2,0,Varle King Card,500,,,,0.0,0.0,TTTT,4,1,1.0
644149,card_payawoota,[Card Equip Effect] All stats +[{img star_mark 20 20} * 0.4],icon_item_card_stat,001_npc_payawoota,None,None,None,None,,None,None,None,,,Pajauta Card,500,,,,0.0,0.0,TTTT,4,4,1.0
644150,card_skiaclips,"[Card Equip Effect] INT, CON + [{img star_mark 20 20}]",icon_item_card_stat,156_boss_skiaclipse,None,[642948],None,None,57866,None,None,None,2,0,Skiaclipse Card,500,,,,0.0,0.0,TTTT,4,4,1.0
644151,card_Moringponia,[Card Equip Effect] Freeze Resistance +[{img star_mark 20 20}]{nl}Max. HP +[100 * {img star_mark 20 20}],icon_item_card_util,157_boss_moringponia,None,None,None,None,800090,None,None,None,6,2,Moringponia Card,500,,,,0.0,0.0,TTTT,4,5,1.0
644152,card_Misrus,[Card Equip Effect] Resistance against Blind +[{img star_mark 20 20}]{nl}Max. SP +[60 * {img star_mark 20 20}],icon_item_card_util,158_boss_misrus,None,[642953],None,None,57866,None,None,None,2,0,Misrus Card,500,,,,0.0,0.0,TTTT,4,5,1.0
644153,card_tantaliser,"[Card Equip Effect] STR, CON + [{img star_mark 20 20}]",icon_item_card_stat,159_boss_tantaliser,None,[642957],None,None,800091,None,None,None,6,2,Tantalizer Card,500,,,,0.0,0.0,TTTT,4,4,1.0
644154,card_vaidotas,"[Card Equip Effect] Physical Attack, Magic Attack + [{img star_mark 20 20} * 10]",icon_item_card_atk,002_npc_vaidotas,None,None,None,None,,None,None,None,,,Vaidotas Card,500,,,,0.0,0.0,FFFT,4,0,1.0
644155,card_vlaentinas,"[Card Equip Effect] Physical Defense, Magic Defense + [{img star_mark 20 20} * 10]",icon_item_card_def,003_npc_vlaentinas,None,None,None,None,,None,None,None,,,Valentinas Card,500,,,,0.0,0.0,FFFT,4,1,1.0
644156,card_uska,[Card Equip Effect] All stats + [{img star_mark 20 20} * 0.4],icon_item_card_stat,004_npc_uska,None,None,None,None,,None,None,None,,,Uska Card,500,,,,0.0,0.0,FFFT,4,4,1.0
644157,card_cyrenia,"[Card Equip Effect] Stamina + [{img star_mark 20 20}], Max HP + [100 + {img star_mark 20 20}]",icon_item_card_util,006_npc_cyrenia,None,None,None,None,,None,None,None,,,Cyrenia Card,500,,,,0.0,0.0,FFFT,4,5,1.0
644158,card_Neringa,[Card Equip Effect] All stats + [{img star_mark 20 20} * 0.5],icon_item_card_stat,007_npc_neringa,None,None,None,None,,None,None,None,,,Neringa Card,500,,,,0.0,0.0,TTTT,4,4,1.0
644159,card_Glacier,"[Card Equip Effect] SPR, CON + [★]",icon_item_card_stat,160_boss_glacier,None,[642960],None,None,59374,None,None,None,4,4,Glacia Card,500,,,,0.0,0.0,TTTT,4,4,1.0
644501,Master_card_Boruble,[Card Equip Effect] Healing +[{img star_mark 20 20} * 30],icon_item_card_def,008_npc_boruble,None,None,None,None,,None,None,None,,,Boruble Card,500,,,,0.0,0.0,TTTT,4,1,1.0
644502,Master_card_MariaLeed,[Card Equip Effect] 10% chance of creating shield equal to [{img star_mark 20 20} /2]% of maximum HP when hit{nl}Cooldown: 30 seconds,icon_item_card_def,009_npc_maria,None,None,None,None,,None,None,None,,,Maria Leed Card,500,,,,0.0,0.0,TTTT,4,1,1.0
644503,Master_card_JuraSwajone,[Card Equip Effect] Evasion + [{img star_mark 20 20} * 10],icon_item_card_def,010_npc_juraswajone,None,None,None,None,,None,None,None,,,Yura Swanjone Card,500,,,,0.0,0.0,TTTT,4,1,1.0
644504,Master_card_Kamiya,[Card Equip Effect] AoE Defense Ratio + [{img star_mark 20 20} / 5],icon_item_card_util,011_npc_kamiya,None,None,None,None,,None,None,None,,,Kamiya Card,500,,,,0.0,0.0,TTTT,4,5,1.0
644505,Master_card_EckipseUbik,[Card Equip Effect] Increases damage by [{img star_mark 20 20}]% when attacking with Dark Property Magic,icon_item_card_atk,012_npc_eclipseubik,None,None,None,None,,None,None,None,,,Eclipse Ubik Card,500,,,,0.0,0.0,TTTT,4,0,1.0
644506,Master_card_AbrehMelinn,[Card Equip Effect] Increases damage by [{img star_mark 20 20}]% when attacking with Fire Property Magic,icon_item_card_atk,013_npc_abrehmelinn,None,None,None,None,,None,None,None,,,Abreh Melinn Card,500,,,,0.0,0.0,TTTT,4,0,1.0
644507,Master_card_Rashn,[Card Equip Effect] STR +[{img star_mark 20 20} * 4],icon_item_card_stat,014_npc_rashn,None,None,None,None,,None,None,None,,,Rashua Card,500,,,,0.0,0.0,TTTT,4,4,1.0
644508,Master_card_Lucia,[Card Equip Effect] INT +[{img star_mark 20 20} * 4],icon_item_card_stat,015_npc_lucia,None,None,None,None,,None,None,None,,,Lucia Card,500,,,,0.0,0.0,TTTT,4,4,1.0
644509,Master_card_EdmundasTiller,[Card Equip Effect] DEX + [★ * 4],icon_item_card_stat,016_npc_edmundastiller,None,None,None,None,,None,None,None,,,Edmundas Tiller Card,500,,,,0.0,0.0,TTTT,4,4,1.0
644510,Master_card_Rozaliia,[Card Equip Effect] SPR + [★ * 4],icon_item_card_stat,017_npc_rozaliia,None,None,None,None,,None,None,None,,,Rozalija Card,500,,,,0.0,0.0,TTTT,4,4,1.0
644511,Master_card_Vilius,[Card Equip Effect] Accuracy + [{img star_mark 20 20} * 10],icon_item_card_util,018_npc_vilius,None,None,None,None,,None,None,None,,,Vilnius Card,500,,,,0.0,0.0,TTTT,4,5,1.0
644512,Master_card_JenaHavindar,[Card Equip Effect] Additional Damage + [★ * 40],icon_item_card_atk,019_npc_jenahavindar,None,None,None,None,,None,None,None,,,Yena Havindar Card,500,,,,0.0,0.0,TTTT,4,0,1.0
644513,Master_card_ReamToiler,[Card Equip Effect] Block + [{img star_mark 20 20} *  10],icon_item_card_def,020_npc_reamtoiler,None,None,None,None,,None,None,None,,,Ream Toiler Card,500,,,,0.0,0.0,TTTT,4,1,1.0
644514,Master_card_NoirParesseus,[Card Equip Effect] Block Penetration + [{img star_mark 20 20} *  10],icon_item_card_util,021_npc_noirparesseus,None,None,None,None,,None,None,None,,,Noer Parecius Card,500,,,,0.0,0.0,TTTT,4,5,1.0
644515,Master_card_Mei,[Card Equip Effect] Critical Rate+[{img star_mark 20 20} * 10],icon_item_card_util,022_npc_mei,None,None,None,None,,None,None,None,,,May Card,500,,,,0.0,0.0,TTTT,4,5,1.0
644516,Master_card_ShellyPennington,[Card Equip Effect] Critical Resistance + [{img star_mark 20 20} * 10],icon_item_card_util,023_npc_shellypennington,None,None,None,None,,None,None,None,,,Shelly Pennington Card,500,,,,0.0,0.0,TTTT,4,5,1.0
644517,Master_card_Winona_Ende,[Card Equip Effect] Increases damage when enemies near 100 range are 7 or more+[{img star_mark 20 20} * 1.3]%{nl}([{img star_mark 20 20} * 0.8]% in PVP area),icon_item_card_atk,024_npc_winonaende,None,None,None,None,,None,None,None,,,Winona Ende Card,500,,,,0.0,0.0,TTTT,4,0,1.0
644518,Master_card_Feliksia,[Card Equip Effect] Decreases damage received from boss by +[{img star_mark 20 20} * 0.4]%,icon_item_card_def,025_npc_feliksia,None,None,None,None,,None,None,None,,,Phelixia Card,500,,,,0.0,0.0,TTTT,4,1,1.0
644519,Master_card_MistesGoldmund,[Card Equip Effect] Increases damage by [{img star_mark 20 20}]% when attacking with Holy Property Magic,icon_item_card_atk,026_npc_mistesgoldmund,None,None,None,None,,None,None,None,,,Mistes Goldmund Card,500,,,,0.0,0.0,TTTT,4,0,1.0
644520,Master_card_AleisterCrowley,[Card Equip Effect] Increases damage by [{img star_mark 20 20}]% when attacking with Ice Property Magic,icon_item_card_atk,027_npc_feliksiaaleistercrowley,None,None,None,None,,None,None,None,,,Aleister Crowley Card,500,,,,0.0,0.0,TTTT,4,0,1.0
644521,Master_card_Tesla,[Card Equip Effect] Maximum SP +[{img star_mark 20 20} * 90],icon_item_card_util,028_npc_tesla,None,None,None,None,,None,None,None,,,Tesla Card,500,,,,0.0,0.0,TTTT,4,5,1.0
644522,Master_card_KiolRuarawa,[Card Equip Effect] HP Recovery +[{img star_mark 20 20} * 60],icon_item_card_util,029_npc_kiolruarawa,None,None,None,None,,None,None,None,,,Kyoll Lurawa Card,500,,,,0.0,0.0,TTTT,4,5,1.0
644523,Master_card_LucidWinterspoon,[Card Equip Effect] Casting Time -[{img star_mark 20 20} * 0.5]%,icon_item_card_util,030_lucidwinterspoon,None,None,None,None,,None,None,None,,,Lucid Winterspoon Card,500,,,,0.0,0.0,TTTT,4,5,1.0
644524,Master_card_BangomontBorjigin,[Card Equip Effect] AoE Attack Ratio +[{img star_mark 20 20} * 0.3],icon_item_card_atk,031_bangomontborjigin,None,None,None,None,,None,None,None,,,Vhangomont Breogen Card,500,,,,0.0,0.0,TTTT,4,0,1.0
644525,Master_card_DamirBorkhan,[Card Equip Effect] Increases damage by [{img star_mark 20 20}]% when attacking with Ground Property Magic,icon_item_card_atk,032_damirborkhan,None,None,None,None,,None,None,None,,,Damir Borkan Card,500,,,,0.0,0.0,TTTT,4,0,1.0
644526,Master_card_KhanomCaolaw,[Card Equip Effect] Increases damage by [{img star_mark 20 20}]% when attacking with Strike Property,icon_item_card_atk,033_khanomcaolaw,None,None,None,None,,None,None,None,,,Khanom Caolaw Card,500,,,,0.0,0.0,TTTT,4,0,1.0
644527,Master_card_Rudmila,[Card Equip Effect] Increases damage by [{img star_mark 20 20}]% when attacking with Pistol Property,icon_item_card_atk,034_rudmila,None,None,None,None,,None,None,None,,,Rudmila Card,500,,,,0.0,0.0,TTTT,4,0,1.0
644528,Master_card_Flintess,[Card Equip Effect] Increases damage by [{img star_mark 20 20}]% when attacking with Slash Property,icon_item_card_atk,035_flintess,None,None,None,None,,None,None,None,,,Flyntess Card,500,,,,0.0,0.0,TTTT,4,0,1.0
644529,Master_card_SorshaHutton,[Card Equip Effect] Increases damage by [{img star_mark 20 20}]% when attacking with Pierce Property,icon_item_card_atk,036_sorshahutton,None,None,None,None,,None,None,None,,,Sorsha Hutton Card,500,,,,0.0,0.0,TTTT,4,0,1.0
644530,Master_card_IliTerid,[Card Equip Effect] Increases damage by [{img star_mark 20 20}]% when attacking with Psychokinesis Property Magic,icon_item_card_atk,037_iliterid,None,None,None,None,,None,None,None,,,Ili Terid Card,500,,,,0.0,0.0,TTTT,4,0,1.0
644531,Master_card_LufasKehel,[Card Equip Effect] Increases damage by [{img star_mark 20 20}]% when attacking with Non-Property Magic,icon_item_card_atk,038_lufaskehel,None,None,None,None,,None,None,None,,,Lufas Kehel Card,500,,,,0.0,0.0,TTTT,4,0,1.0
644532,Master_card_VisavaldasBlack,[Card Equip Effect] Increases damage by [{img star_mark 20 20}]% when attacking with Bow Property,icon_item_card_atk,039_visavaldasblack,None,None,None,None,,None,None,None,,,Visvaldas Black Card,500,,,,0.0,0.0,TTTT,4,0,1.0
644533,Master_card_Pauline,[Card Equip Effect] Increases damage by [{img star_mark 20 20}]% when attacking with Cannon Property,icon_item_card_atk,040_pauline,None,None,None,None,,None,None,None,,,Pauline Card,500,,,,0.0,0.0,TTTT,4,0,1.0
644534,Master_card_GeHong,[Card Equip Effect] Increases damage by [{img star_mark 20 20}]% when attacking with Lightning Property Magic,icon_item_card_atk,041_gehong,None,None,None,None,,None,None,None,,,GeHong Card,500,,,,0.0,0.0,TTTT,4,0,1.0
644535,Master_card_PhilipAureolus,[Card Equip Effect] Increases damage by [{img star_mark 20 20}]% when attacking with Poison Property Magic,icon_item_card_atk,042_philipaureolus,None,None,None,None,,None,None,None,,,Philip Aurellius Card,500,,,,0.0,0.0,TTTT,4,0,1.0
644900,Legend_card_Marnoks,[Card Equip Effect] Minimum Critical Chance +[{img star_mark 20 20}*2]%,icon_item_card_legend,139_boss_marnoks,None,None,None,None,800078,None,None,None,1,1,Demon Lord Marnox Card,0,,,,0.0,0.0,TTTT,4,2,1.0
644901,Legend_card_Blud,[Card Equip Effect] [{img star_mark 20 20}*3]% reduced damage taken in PVP,icon_item_card_legend,112_blud,None,None,None,None,800060,None,None,None,0,1,Demon Lord Blut Card,0,,,,0.0,0.0,TTTT,4,2,1.0
644902,Legend_card_Zawra,[Card Equip Effect] Physical Defense +[{img star_mark 20 20}*10]%,icon_item_card_legend,140_boss_zawra,None,None,None,None,800072,None,None,None,0,1,Demon Lord Zaura Card,0,,,,0.0,0.0,TTTT,4,2,1.0
644903,Legend_card_Nuaele,[Card Equip Effect] Magic Defense +[{img star_mark 20 20}*10]%,icon_item_card_legend,074_nuaele,None,None,None,None,800016,None,None,None,0,1,Demon Lord Nuaele Card,0,,,,0.0,0.0,TTTT,4,2,1.0
644904,Legend_card_Helgasercle,[Card Equip Effect] Recover [{img star_mark 20 20}*20] SP per monster defeated,icon_item_card_legend,053_boss_helgasercle,None,None,None,None,800057,None,None,None,0,1,Demon Lord Helgasercle Card,0,,,,0.0,0.0,TTTT,4,2,1.0
644905,Legend_card_Lecifer,[Card Equip Effect] Movement Speed +[{img star_mark 20 20}],icon_item_card_legend,030_boss_lecifer,None,None,None,None,800043,None,None,None,0,1,Demon Lord Rexipher Card,0,,,,0.0,0.0,TTTT,4,2,1.0
644906,Legend_card_Mirtis,[Card Equip Effect] Final Damage [{img star_mark 20 20} * 0.4]% when attacking enemy with unfavorable property{nl}(Effect decreases in PvP areas),icon_item_card_legend,007_boss_mirtis,None,None,None,None,800048,None,None,None,0,1,Demon Lord Mirtis Card,0,,,,0.0,0.0,TTTT,4,2,1.0
644907,Legend_card_Kucarry_Balzermance,[Card Equip Effect] EXP Gain +[{img star_mark 20 20}]%,icon_item_card_legend,151_boss_kucarry_balzermancer,None,[642926],None,None,58818,None,None,None,0,0,Prodigious Kugheri Balzermancer Card,0,,,,0.0,0.0,TTTT,4,2,1.0
644908,Legend_card_PantoRex,[Card Equip Effect] Increases damage against Beast-type monsters by [{img star_mark 20 20}*7]%,icon_item_card_legend,150_boss_pantorex,None,None,None,None,,None,None,None,,,Heretic Pantorex Card,0,,,,0.0,0.0,TTTT,4,2,1.0
644909,Legend_card_Velcoffer,[Card Equip Effect] Reduces damage received from monsters by [{img star_mark 20 20} * 3]%,icon_item_card_legend,136_raid_boss_blackgargoyle,None,[642916],None,None,58690,None,None,None,0,0,Velcoffer Card,0,,,,0.0,0.0,TTTT,4,2,1.0
644910,Legend_card_FrosterLord,"[Card Equip Effect] Reduces the difference between the min. and max. attack of summons by [{img star_mark 20 20} * 10]%{nl}(At Lv 10, min. attack is equal to the value of max. attack.)",icon_item_card_legend,149_boss_frosterlord,None,[642927],None,None,800076,None,None,None,0,1,Demon Lord Froster Lord Card,0,,,,0.0,0.0,TTTT,4,2,1.0
644911,Legend_card_Acio,[Card Equip Effect] Critical Rate +[{img star_mark 20 20}*15],icon_item_card_legend,152_boss_asio,None,[642929],None,None,59154,None,None,None,5,0,Asiomage Card,0,,,,0.0,0.0,TTTT,4,2,1.0
644912,Legend_card_Wastrel,[Card Equip Effect] Maximum HP +[{img star_mark 20 20}*500],icon_item_card_legend,153_boss_wastrel,None,[642931],None,None,59172,None,None,None,0,4,Wastrel Card,0,,,,0.0,0.0,TTTT,4,2,1.0
644913,Legend_card_ignas,[Card Equip Effect] [{img star_mark 20 20}*5]% chance per critical attack of entering stealth state for 6 seconds,icon_item_card_legend,154_boss_ignas,None,[642934],None,None,800089,None,None,None,0,1,Ignas Card,0,,,,0.0,0.0,TTTT,4,2,1.0
644914,Legend_card_boruta,[Card Equip Effect] Increases damage against Boss monsters by [{img star_mark 20 20}*5]% ,icon_item_card_legend,155_boss_boruta,None,None,None,None,59208,None,None,None,0,0,Boruta Card,0,,,,0.0,0.0,TTTT,4,2,1.0
644915,Legend_card_Marnoks_JP,[Card Equip Effect] Minimum Critical Chance +[{img star_mark 20 20}*2]%,icon_item_card_legend,139_boss_marnoks,None,None,None,None,800078,None,None,None,1,1,Demon Lord Marnox Card,0,,,,0.0,0.0,FFFT,4,2,1.0
644916,Legend_card_Blud_JP,[Card Equip Effect] [{img star_mark 20 20}*3]% reduced damage taken in PVP,icon_item_card_legend,112_blud,None,None,None,None,800060,None,None,None,0,1,Demon Lord Blut Card,0,,,,0.0,0.0,FFFT,4,2,1.0
644917,Legend_card_Zawra_JP,[Card Equip Effect] Physical Defense +[{img star_mark 20 20}*10]%,icon_item_card_legend,140_boss_zawra,None,None,None,None,800072,None,None,None,0,1,Demon Lord Zaura Card,0,,,,0.0,0.0,FFFT,4,2,1.0
644918,Legend_card_Nuaele_JP,[Card Equip Effect] Magic Defense +[{img star_mark 20 20}*10]%,icon_item_card_legend,074_nuaele,None,None,None,None,800016,None,None,None,0,1,Demon Lord Nuaele Card,0,,,,0.0,0.0,FFFT,4,2,1.0
644919,Legend_card_Helgasercle_JP,[Card Equip Effect] Recover [{img star_mark 20 20}*20] SP per monster defeated,icon_item_card_legend,053_boss_helgasercle,None,None,None,None,800057,None,None,None,0,1,Demon Lord Helgasercle Card,0,,,,0.0,0.0,FFFT,4,2,1.0
644920,Legend_card_Lecifer_JP,[Card Equip Effect] Movement Speed +[{img star_mark 20 20}],icon_item_card_legend,030_boss_lecifer,None,None,None,None,800043,None,None,None,0,1,Demon Lord Rexipher Card,0,,,,0.0,0.0,FFFT,4,2,1.0
644921,Legend_card_Mirtis_JP,[Card Equip Effect] Final Damage [{img star_mark 20 20} * 0.4]% when attacking enemy with unfavorable property{nl}(Effect decreases in PvP areas),icon_item_card_legend,007_boss_mirtis,None,None,None,None,800048,None,None,None,0,1,Demon Lord Mirtis Card,0,,,,0.0,0.0,FFFT,4,2,1.0
644922,Legend_card_FrosterLord_JP,"[Card Equip Effect] Reduces the difference between the min. and max. attack of summons by [{img star_mark 20 20} * 10]%{nl}(At Lv 10, min. attack is equal to the value of max. attack.)",icon_item_card_legend,149_boss_frosterlord,None,None,None,None,800076,None,None,None,0,1,Demon Lord Froster Lord Card,0,,,,0.0,0.0,FFFT,4,2,1.0
644923,Legendcard_skiaclips,[Card Equip Effect] ATK against Insect-type 750 * [{img star_mark 20 20}],icon_item_card_legend,156_boss_skiaclipse,None,[642949],None,None,57866,None,None,None,2,0,Unbound Skiaclipse Card,0,,,,0.0,0.0,TTTT,4,2,1.0
644924,Legendcard_Moringponia,[Card Equip Effect] Attack against Medium-sized Targets 300 * [{img star_mark 20 20}],icon_item_card_legend,157_boss_moringponia,None,None,None,None,800090,None,None,None,6,2,Demon Lord Moringponia Card,0,,,,0.0,0.0,TTTT,4,2,1.0
644925,Legendcard_Misrus,"[Card Equip Effect] Additional 1,000 * [{img star_mark 20 20}] damage against enemies with a Shield effect",icon_item_card_legend,158_boss_misrus,None,[642953],None,None,57866,None,None,None,2,0,Enraged Misrus Card,0,,,,0.0,0.0,TTTT,4,2,1.0
644926,Legendcard_bayl,"[Card Equip Effect] When team level is under 50, EXP Gain + [{img star_mark 20 20} * 10]%",icon_item_card_legend,005_npc_bayl,None,None,None,None,,None,None,None,,,Byle Card,0,,,,0.0,0.0,FFFT,4,2,1.0
644927,Legendcard_tantaliser,"[Card Equip Effect] Fire, Ice, Poison, Lightning, Psychokinesis, Earth, Holy: + [{img star_mark 20 20} * 50] additional damage",icon_item_card_legend,159_boss_tantaliser,None,"[642958, 642965]",None,None,800091,None,None,None,6,2,Demon Lord Tantalizer Card,0,,,,0.0,0.0,TTTT,4,2,1.0
644928,Legendcard_Glacier,[Card Equip Effect] ATK against Mutant-type 750 * [{img star_mark 20 20}],icon_item_card_legend,160_boss_glacier,None,"[642963, 642964]",None,None,59374,None,None,None,4,4,Sorrowful Glacia Card,0,,,,0.0,0.0,TTTT,4,2,1.0
644929,Legendcard_TelHarcha,[Card Equip Effect] Attack against Plant-type 750 * [{img star_mark 20 20}],icon_item_card_legend,161_boss_telharsha,None,[642966],None,None,59477,None,None,None,2,4,Tel Harsha Card,0,,,,0.0,0.0,TTTT,4,2,1.0
644930,Legendcard_Leticia,[Unable to Equip] [Unable to Enhance] Only used to enhance the Legend Card.,icon_item_card_legend,028_npc_leticia,None,None,None,None,,None,None,None,,,Leticia Card,0,,,,0.0,0.0,TTTT,4,2,1.0
644931,Legendcard_Guilty,[Card Equip Effect] Damage against boss monster{nl}+[{img star_mark 20 20} * 8]%,icon_item_card_legend,162_boss_guilty,None,None,None,None,,None,None,None,,,Giltine Card,0,,,,0.0,0.0,TFFT,4,2,1.0
644932,Legendcard_Avataras,[Card Equip Effect] Attack against demon-type 750 * [{img star_mark 20 20}],icon_item_card_legend,163_boss_avataras,None,[642967],None,None,,None,None,None,,,Abataras Card,0,,,,0.0,0.0,TTTT,4,2,1.0
650001,legend_reinforce_card_lv1,Use to enhance Legend cards up to Lv4.{nl}Cannot be equipped or used to enhance non-Legend cards.,icon_item_legend_card_fragment_lv1,legend_card_fragment_lv1,None,None,None,None,,None,None,None,,,Ripped Legend Enhancement Card,0,,,,0.0,0.0,TTTT,4,3,1.0
650002,legend_reinforce_card_lv2,Use to enhance Legend cards up to Lv6.{nl}Cannot be equipped or used to enhance non-Legend cards.,icon_item_legend_card_fragment_lv2,legend_card_fragment_lv2,None,None,None,None,,None,None,None,,,Old Legend Enhancement Card,0,,,,0.0,0.0,TTTT,4,3,1.0
650003,legend_reinforce_card_lv3,Use to enhance Legend cards up to Lv8.{nl}Cannot be equipped or used to enhance non-Legend cards.,icon_item_legend_card_fragment_lv3,legend_card_fragment_lv3,None,None,None,None,,None,None,None,,,Legend Enhancement Card,0,,,,0.0,0.0,TTTT,4,3,1.0
650004,legend_reinforce_card_lv4,Use to enhance Legend cards up to Lv10.{nl}Cannot be equipped or used to enhance non-Legend cards.,icon_item_legend_card_fragment_lv4,legend_card_fragment_lv4,None,None,None,None,,None,None,None,,,Shining Legend Enhancement Card,0,,,,0.0,0.0,TTTT,4,3,1.0
650005,legend_reinforce_card_lv2_Team,Use to enhance Legend cards up to Lv6.{nl}Cannot be equipped or used to enhance non-Legend cards.,icon_item_legend_card_fragment_lv2,legend_card_fragment_lv2,None,None,None,None,,None,None,None,,,Old Legend Enhancement Card,0,,,,0.0,0.0,FFFT,4,3,1.0
